<?xml version="1.0" encoding="UTF-8"?>
<project xmlns="http://www.netbeans.org/ns/project/1">
    <type>org.netbeans.modules.cnd.makeproject</type>
    <configuration>
        <data xmlns="http://www.netbeans.org/ns/make-project/1">
            <name>UHS30</name>
            <c-extensions>c</c-extensions>
            <cpp-extensions>cpp,ino</cpp-extensions>
            <header-extensions>h</header-extensions>
            <sourceEncoding>UTF-8</sourceEncoding>
            <make-dep-projects/>
            <sourceRootList>
                <sourceRootElem>.</sourceRootElem>
            </sourceRootList>
            <confList>
                <confElem>
                    <name>AVR</name>
                    <type>0</type>
                </confElem>
                <confElem>
                    <name>Teensy-3.6</name>
                    <type>0</type>
                </confElem>
                <confElem>
                    <name>KE1xF512</name>
                    <type>0</type>
                </confElem>
                <confElem>
                    <name>k20</name>
                    <type>0</type>
                </confElem>
            </confList>
            <formatting>
                <project-formatting-style>false</project-formatting-style>
            </formatting>
        </data>
        <spellchecker-wordlist xmlns="http://www.netbeans.org/ns/spellchecker-wordlist/1">
            <word>Atmoically</word>
            <word>Bitbanding</word>
            <word>bitbands</word>
            <word>dongle</word>
            <word>dongles</word>
            <word>isr</word>
            <word>Kroll</word>
            <word>lu</word>
            <word>Mbps</word>
            <word>printf</word>
            <word>usb</word>
            <word>Vbus</word>
        </spellchecker-wordlist>
    </configuration>
</project>
